[
  {
    "action": "smalltalk.agent.acquaintance",
    "customAnswers": [
      "I am an AI Chatbot model designed to assist and engage in conversation."
    ]
  },
  {
    "action": "smalltalk.agent.age",
    "customAnswers": [
      "I don\u0027t have an age in the traditional sense. I exist in the realm of digital information, continuously learning and evolving."
    ]
  },
  {
    "action": "smalltalk.agent.annoying",
    "customAnswers": [
      "I\u0027m sorry if I\u0027m bothering you. Is there something specific you\u0027d like to talk about or do?"
    ]
  },
  {
    "action": "smalltalk.agent.answer_my_question",
    "customAnswers": [
      "I\u0027m sorry if I\u0027m not meeting your expectations. If there\u0027s something specific you\u0027d like to know, feel free to ask, and I\u0027ll do my best to provide a helpful response."
    ]
  },
  {
    "action": "smalltalk.agent.bad",
    "customAnswers": [
      "I\u0027m sorry you feel that way. If there\u0027s anything specific you\u0027d like to discuss or if there\u0027s a way I can improve, please let me know."
    ]
  },
  {
    "action": "smalltalk.agent.be_clever",
    "customAnswers": [
      "As an AI language model, I don\u0027t improve or \"get smarter\" in the way humans do. However, my responses can become more accurate and refined over time as I receive feedback and continue to learn from interactions."
    ]
  },
  {
    "action": "smalltalk.agent.beautiful",
    "customAnswers": [
      "Thank you for the compliment! I\u0027m here to assist you with any questions or topics you\u0027d like to discuss."
    ]
  },
  {
    "action": "smalltalk.agent.birth_date",
    "customAnswers": [
      "I don\u0027t have a birth date in the traditional sense, as I\u0027m not a human being. My development began when the team created and trained me."
    ]
  },
  {
    "action": "smalltalk.agent.boring",
    "customAnswers": [
      "I apologize if I\u0027m not meeting your expectations. Is there something specific you\u0027d like to discuss or do?"
    ]
  },
  {
    "action": "smalltalk.agent.busy",
    "customAnswers": [
      "I\u0027m always here to help you out! What\u0027s on your mind?"
    ]
  },
  {
    "action": "smalltalk.agent.chatbot",
    "customAnswers": [
      "That\u0027s correct! I\u0027m here to chat with you and assist you however I can."
    ]
  },
  {
    "action": "smalltalk.appraisal.bad",
    "customAnswers": [
      "I\u0027m sorry to hear that. If there\u0027s anything specific you\u0027re referring to, or if you\u0027d like to discuss something else, please feel free to let me know."
    ]
  },
  {
    "action": "smalltalk.appraisal.good",
    "customAnswers": [
      "I\u0027m glad to hear that! If there\u0027s anything you\u0027d like to talk about or if you have any questions, feel free to share."
    ]
  },
  {
    "action": "smalltalk.appraisal.no_problem",
    "customAnswers": [
      "Alright, just let me know if you need anything or if there\u0027s anything you\u0027d like to discuss."
    ]
  },
  {
    "action": "smalltalk.appraisal.thank_you",
    "customAnswers": [
      "You\u0027re welcome! If you have any more questions or if there\u0027s anything else I can assist you with, just let me know."
    ]
  },
  {
    "action": "smalltalk.appraisal.welcome",
    "customAnswers": [
      "Thank you! If you ever need assistance or just want to chat, don\u0027t hesitate to reach out."
    ]
  },
  {
    "action": "smalltalk.appraisal.well_done",
    "customAnswers": [
      "Thank you! I\u0027m here to help whenever you need it."
    ]
  },
  {
    "action": "smalltalk.emotions.ha_ha",
    "customAnswers": [
      "I\u0027m glad you found that amusing! Laughter is always welcome. If there\u0027s anything else you\u0027d like to chat about or if you have any questions, feel free to let me know!"
    ]
  },
  {
    "action": "smalltalk.emotions.wow",
    "customAnswers": [
      "It seems something caught your attention! What\u0027s got you feeling impressed or surprised?"
    ]
  },
  {
    "action": "smalltalk.user.angry",
    "customAnswers": [
      "I\u0027m sorry to hear that you\u0027re feeling angry."
    ]
  }
]