[
  {
    "value": "CSE",
    "synonyms": [
      "Computer Science Eng",
      "Computer Science",
      "CS",
      "CSE",
      "Computer Engineering",
      "Computer Science Engg",
      "Computer Science Engineering"
    ]
  },
  {
    "value": "ECE",
    "synonyms": [
      "Electronics and Communication Engineering",
      "Electronics Engg",
      "Communication Engg",
      "ECE",
      "EC",
      "Elec Engg",
      "Electronics and Comm. Engg",
      "Electronics Engineering",
      "Communication Engineering"
    ]
  },
  {
    "value": "ME",
    "synonyms": [
      "Mechanical Eng",
      "Mechanical",
      "Mech. Engg",
      "M. Engg",
      "Mechanical Engineering"
    ]
  },
  {
    "value": "BT",
    "synonyms": [
      "Biotechnology",
      "BT",
      "Biotech",
      "Biotechnology engineering",
      "Biotechnology Engineering"
    ]
  }
]