[
  {
    "value": "sum",
    "synonyms": [
      "Sum"
    ]
  },
  {
    "value": "max",
    "synonyms": [
      "Highest",
      "Maximum",
      "top",
      "toppest",
      "topmost",
      "maximal",
      "max",
      "high",
      "greatest",
      "biggest",
      "largest",
      "large",
      "big",
      "great",
      "MAX",
      "highest"
    ]
  },
  {
    "value": "count",
    "synonyms": [
      "count",
      "number",
      "total",
      "tally",
      "number of"
    ]
  },
  {
    "value": "avg",
    "synonyms": [
      "Average",
      "mean",
      "median",
      "standard",
      "middle",
      "Avg",
      "Avg.",
      "AVG",
      "average",
      "Mean"
    ]
  }
]