[
  {
    "id": "dba4c433-797a-4f7a-af46-0d8f38090fdb",
    "data": [
      {
        "text": "I\u0027d like to know about admissions at UIET Kurukshetra. Can you help?",
        "userDefined": false
      }
    ],
    "isTemplate": false,
    "count": 0,
    "lang": "en",
    "updated": 0
  },
  {
    "id": "da88baa2-a5e5-4801-8577-0c5746d4ea90",
    "data": [
      {
        "text": "Could you give me details about admissions in UIET ",
        "userDefined": false
      },
      {
        "text": "KUK",
        "meta": "@sys.geo-city",
        "alias": "geo-city",
        "userDefined": false
      }
    ],
    "isTemplate": false,
    "count": 0,
    "lang": "en",
    "updated": 0
  },
  {
    "id": "c120c87e-adab-4a73-acb5-f3d0226e9581",
    "data": [
      {
        "text": "I\u0027m interested in admission at UIET Kurukshetra. Can you tell me more",
        "userDefined": false
      }
    ],
    "isTemplate": false,
    "count": 0,
    "lang": "en",
    "updated": 0
  },
  {
    "id": "13eeb818-a725-441b-aaf0-123861b60ddc",
    "data": [
      {
        "text": "Can you provide information regarding admissions at UIET KUK",
        "userDefined": false
      }
    ],
    "isTemplate": false,
    "count": 0,
    "lang": "en",
    "updated": 0
  },
  {
    "id": "c96af901-1801-49c8-a1d2-ce0d72aeb39d",
    "data": [
      {
        "text": "what about the admisison in uiet kurukshetra",
        "userDefined": false
      }
    ],
    "isTemplate": false,
    "count": 0,
    "lang": "en",
    "updated": 0
  },
  {
    "id": "9b7fb3a5-4b04-4011-a1b7-f130a5bfd35e",
    "data": [
      {
        "text": "tell me about the admission in uiet kuk",
        "userDefined": false
      }
    ],
    "isTemplate": false,
    "count": 0,
    "lang": "en",
    "updated": 0
  }
]