[
  {
    "id": "3add9ffd-77aa-44db-9d31-82e1330274c5",
    "data": [
      {
        "text": "Is it possible to update the HSTES application form after submission?",
        "userDefined": false
      }
    ],
    "isTemplate": false,
    "count": 0,
    "lang": "en",
    "updated": 0
  },
  {
    "id": "cc366cc5-2a56-44cf-84a4-2c3379525788",
    "data": [
      {
        "text": "Am I allowed to modify the HSTES application form after it has been submitted?",
        "userDefined": false
      }
    ],
    "isTemplate": false,
    "count": 0,
    "lang": "en",
    "updated": 0
  },
  {
    "id": "68384808-e4f5-425c-b6a0-dc78f95b6159",
    "data": [
      {
        "text": "After submitting the HSTES application form, am I able to edit it?",
        "userDefined": false
      }
    ],
    "isTemplate": false,
    "count": 0,
    "lang": "en",
    "updated": 0
  },
  {
    "id": "245ec6b4-6c5f-4a8d-baee-16d3cd62a65a",
    "data": [
      {
        "text": "Is there a way to make changes to my HSTES application form once it\u0027s been submitted?",
        "userDefined": false
      }
    ],
    "isTemplate": false,
    "count": 0,
    "lang": "en",
    "updated": 0
  },
  {
    "id": "828ef509-7cf7-4987-b773-5b7e0ebf3516",
    "data": [
      {
        "text": "Can I edit my HSTES application form after I\u0027ve already submitted it?",
        "userDefined": false
      }
    ],
    "isTemplate": false,
    "count": 0,
    "lang": "en",
    "updated": 0
  },
  {
    "id": "1e085d62-9ad3-4ee3-912a-2f9c4ea83cf3",
    "data": [
      {
        "text": "Can changes be made to my application form after it\u0027s submitted?",
        "userDefined": false
      }
    ],
    "isTemplate": false,
    "count": 0,
    "lang": "en",
    "updated": 0
  },
  {
    "id": "4091fb08-83ba-4f34-9184-9b4cc9086a7d",
    "data": [
      {
        "text": "Is there a way to modify my application after I send it in?",
        "userDefined": false
      }
    ],
    "isTemplate": false,
    "count": 0,
    "lang": "en",
    "updated": 0
  },
  {
    "id": "73b3e93c-31a1-4432-b82b-1a4f159dd4ed",
    "data": [
      {
        "text": "After submitting, am I allowed to edit my application form?",
        "userDefined": false
      }
    ],
    "isTemplate": false,
    "count": 0,
    "lang": "en",
    "updated": 0
  },
  {
    "id": "4191d0f7-c368-4a8b-a72e-212eacf34c20",
    "data": [
      {
        "text": "Can I update my application once it\u0027s been submitted?",
        "userDefined": false
      }
    ],
    "isTemplate": false,
    "count": 0,
    "lang": "en",
    "updated": 0
  },
  {
    "id": "9ef511f8-8a0b-45f2-93c6-197dd7b59385",
    "data": [
      {
        "text": "Is it possible to make changes to my application after I\u0027ve submitted it?",
        "userDefined": false
      }
    ],
    "isTemplate": false,
    "count": 0,
    "lang": "en",
    "updated": 0
  },
  {
    "id": "39ae1516-0de9-4980-8c82-46dde40dc858",
    "data": [
      {
        "text": "Can I edit my application form after submission?",
        "userDefined": false
      }
    ],
    "isTemplate": false,
    "count": 0,
    "lang": "en",
    "updated": 0
  }
]