[
  {
    "id": "5897ba11-fdd9-4bad-903d-eef5bfd3cfa0",
    "data": [
      {
        "text": "When\u0027s the last day to apply for the upcoming academic year",
        "userDefined": false
      }
    ],
    "isTemplate": false,
    "count": 0,
    "lang": "en",
    "updated": 0
  },
  {
    "id": "0fb77efb-f5df-40d5-ae7c-786b738f6960",
    "data": [
      {
        "text": "I\u0027m wondering when the application deadline is for the upcoming academic year",
        "userDefined": false
      }
    ],
    "isTemplate": false,
    "count": 0,
    "lang": "en",
    "updated": 0
  },
  {
    "id": "3fa2312a-bce4-4860-9262-1bee55863e91",
    "data": [
      {
        "text": "Could you inform me about the closing date for applications for the upcoming academic year",
        "userDefined": false
      }
    ],
    "isTemplate": false,
    "count": 0,
    "lang": "en",
    "updated": 0
  },
  {
    "id": "0c7a089f-cc62-48e7-bc38-e0f0cad08861",
    "data": [
      {
        "text": "I need to know the deadline for applying for the upcoming academic session. Could you assist me with that?",
        "userDefined": false
      }
    ],
    "isTemplate": false,
    "count": 1,
    "lang": "en",
    "updated": 0
  },
  {
    "id": "0eea5370-4e5a-436e-9591-a0c9bc843314",
    "data": [
      {
        "text": "Can you provide me with the application deadline for the next academic year?",
        "userDefined": false
      }
    ],
    "isTemplate": false,
    "count": 0,
    "lang": "en",
    "updated": 0
  },
  {
    "id": "49fadf63-bddb-4e78-8676-5ef2f1ec2428",
    "data": [
      {
        "text": "When do I have to complete my application for the upcoming academic year?",
        "userDefined": false
      }
    ],
    "isTemplate": false,
    "count": 0,
    "lang": "en",
    "updated": 0
  },
  {
    "id": "b7a0ddfe-85b2-409d-8fe7-fbd2c4d045bc",
    "data": [
      {
        "text": "I\u0027m curious about the deadline for applications for the upcoming academic year.",
        "userDefined": false
      }
    ],
    "isTemplate": false,
    "count": 0,
    "lang": "en",
    "updated": 0
  },
  {
    "id": "a098bce0-24a9-4884-8ac9-d88c611eb34b",
    "data": [
      {
        "text": "What\u0027s the last date to apply for the next academic session?",
        "userDefined": false
      }
    ],
    "isTemplate": false,
    "count": 0,
    "lang": "en",
    "updated": 0
  },
  {
    "id": "6f216e97-fdc8-47be-a81b-9171fea8b5be",
    "data": [
      {
        "text": "Could you please tell me by when I need to submit my application for the upcoming academic year?",
        "userDefined": false
      }
    ],
    "isTemplate": false,
    "count": 0,
    "lang": "en",
    "updated": 0
  },
  {
    "id": "2a90cf74-cb7b-44e5-996c-32fdd7e939cd",
    "data": [
      {
        "text": "when is the application deadline for the upcoming academic year",
        "userDefined": false
      }
    ],
    "isTemplate": false,
    "count": 0,
    "lang": "en",
    "updated": 0
  }
]