[
  {
    "id": "9601b485-bd61-44d3-b762-f7c433b17f06",
    "data": [
      {
        "text": "Are there any sports teams or facilities available for students",
        "userDefined": false
      }
    ],
    "isTemplate": false,
    "count": 0,
    "lang": "en",
    "updated": 0
  },
  {
    "id": "fe3a1f94-2379-429c-a8d4-96047e7743f2",
    "data": [
      {
        "text": "Can you give me details about the extracurricular scene at UIET Kurukshetra?",
        "userDefined": false
      }
    ],
    "isTemplate": false,
    "count": 0,
    "lang": "en",
    "updated": 0
  },
  {
    "id": "dcf8b531-d1b9-46fc-8a19-693e1e6cb389",
    "data": [
      {
        "text": "Are there any special interest clubs or societies at UIET Kurukshetra?",
        "userDefined": false
      }
    ],
    "isTemplate": false,
    "count": 0,
    "lang": "en",
    "updated": 0
  },
  {
    "id": "3a95250d-def5-4f2b-bd8c-44d26539f125",
    "data": [
      {
        "text": "What opportunities are there for involvement outside of classes at UIET Kurukshetra?",
        "userDefined": false
      }
    ],
    "isTemplate": false,
    "count": 0,
    "lang": "en",
    "updated": 0
  },
  {
    "id": "acaffe81-c4bb-424c-8967-fcb926a0fb74",
    "data": [
      {
        "text": "What are the recreational options at UIET Kurukshetra?",
        "userDefined": false
      }
    ],
    "isTemplate": false,
    "count": 1,
    "lang": "en",
    "updated": 0
  },
  {
    "id": "82b1d22e-d01e-4164-9116-7b8d3e573567",
    "data": [
      {
        "text": "Are there any student organizations or clubs at UIET Kurukshetra?",
        "userDefined": false
      }
    ],
    "isTemplate": false,
    "count": 0,
    "lang": "en",
    "updated": 0
  },
  {
    "id": "37397a0f-3d48-4a09-96c5-97982d2dc8cc",
    "data": [
      {
        "text": "What kinds of clubs and activities does UIET Kurukshetra offer?",
        "userDefined": false
      }
    ],
    "isTemplate": false,
    "count": 0,
    "lang": "en",
    "updated": 0
  },
  {
    "id": "567aff65-87c3-4c85-bfa1-c8381b0e4aa6",
    "data": [
      {
        "text": "Can you tell me about the clubs and activities at UIET Kurukshetra?",
        "userDefined": false
      }
    ],
    "isTemplate": false,
    "count": 0,
    "lang": "en",
    "updated": 0
  },
  {
    "id": "b135f522-9ac4-4dd1-8021-6c5bca8dff0e",
    "data": [
      {
        "text": "What extracurriculars are available at UIET Kurukshetra?",
        "userDefined": false
      }
    ],
    "isTemplate": false,
    "count": 0,
    "lang": "en",
    "updated": 0
  },
  {
    "id": "50ca14a7-a5de-47b0-b82d-42a5cde362d4",
    "data": [
      {
        "text": "tell me about the clubs and activities of youre college",
        "userDefined": false
      }
    ],
    "isTemplate": false,
    "count": 0,
    "lang": "en",
    "updated": 0
  }
]