[
  {
    "id": "36eeacfd-5b69-4a8f-9d20-c7dea80a7d31",
    "data": [
      {
        "text": "what is the counseling procedure",
        "userDefined": false
      }
    ],
    "isTemplate": false,
    "count": 0,
    "lang": "en-in",
    "updated": 0
  },
  {
    "id": "18b241c4-6580-4875-91ab-6f6ea16fd653",
    "data": [
      {
        "text": "tell me the counseling procedure",
        "userDefined": false
      }
    ],
    "isTemplate": false,
    "count": 0,
    "lang": "en-in",
    "updated": 0
  },
  {
    "id": "f8caa9d2-115e-4400-ab81-b6f98e0b3de7",
    "data": [
      {
        "text": "Can you elaborate on the counseling methodology for securing admission to UIET KUK?",
        "userDefined": false
      }
    ],
    "isTemplate": false,
    "count": 0,
    "lang": "en-in",
    "updated": 0
  },
  {
    "id": "af7d76ed-3959-476b-9958-a859f5be3b33",
    "data": [
      {
        "text": "What steps should I follow for counseling to get into UIET KUK?",
        "userDefined": false
      }
    ],
    "isTemplate": false,
    "count": 0,
    "lang": "en-in",
    "updated": 0
  },
  {
    "id": "8ebbc0ce-647b-4fe7-a836-92c108cef676",
    "data": [
      {
        "text": "Could you provide insights into the counseling ",
        "userDefined": false
      },
      {
        "text": "mechanism",
        "meta": "@Departments",
        "alias": "departments",
        "userDefined": false
      },
      {
        "text": " for UIET KUK admissions?",
        "userDefined": false
      }
    ],
    "isTemplate": false,
    "count": 0,
    "lang": "en-in",
    "updated": 0
  },
  {
    "id": "c8b1f251-f968-4920-bc64-ddc697a036d2",
    "data": [
      {
        "text": "How do I navigate the counseling process for UIET KUK admission?",
        "userDefined": false
      }
    ],
    "isTemplate": false,
    "count": 0,
    "lang": "en-in",
    "updated": 0
  },
  {
    "id": "0fe92c68-f6be-45cd-b415-ce3a42d7dbd8",
    "data": [
      {
        "text": "What are the procedures involved in admission counseling for UIET ",
        "userDefined": false
      },
      {
        "text": "KUK",
        "meta": "@sys.geo-city",
        "alias": "geo-city",
        "userDefined": false
      },
      {
        "text": "?",
        "userDefined": false
      }
    ],
    "isTemplate": false,
    "count": 0,
    "lang": "en-in",
    "updated": 0
  },
  {
    "id": "34bb1dc0-107c-451d-b547-a34e0347cf68",
    "data": [
      {
        "text": "Can you explain the counseling protocol for securing admission at UIET ",
        "userDefined": false
      },
      {
        "text": "KUK",
        "meta": "@sys.geo-city",
        "alias": "geo-city",
        "userDefined": false
      },
      {
        "text": "?",
        "userDefined": false
      }
    ],
    "isTemplate": false,
    "count": 0,
    "lang": "en-in",
    "updated": 0
  },
  {
    "id": "4d4dfb15-c381-4cf5-a4a1-2fbff178ca0e",
    "data": [
      {
        "text": "Could you detail the counseling steps for UIET ",
        "userDefined": false
      },
      {
        "text": "KUK",
        "meta": "@sys.geo-city",
        "alias": "geo-city",
        "userDefined": false
      },
      {
        "text": " admission?",
        "userDefined": false
      }
    ],
    "isTemplate": false,
    "count": 0,
    "lang": "en-in",
    "updated": 0
  },
  {
    "id": "ddd8d6d1-13a4-4c7e-ba72-db3a5d5b3d8d",
    "data": [
      {
        "text": "How does the counseling procedure work for UIET KUK admissions?",
        "userDefined": false
      }
    ],
    "isTemplate": false,
    "count": 0,
    "lang": "en-in",
    "updated": 0
  },
  {
    "id": "84c60580-8df1-4c47-a3a5-0f65c305f696",
    "data": [
      {
        "text": "What\u0027s the process for counseling to secure admission at UIET ",
        "userDefined": false
      },
      {
        "text": "KUK",
        "meta": "@sys.geo-city",
        "alias": "geo-city",
        "userDefined": false
      },
      {
        "text": "?",
        "userDefined": false
      }
    ],
    "isTemplate": false,
    "count": 0,
    "lang": "en-in",
    "updated": 0
  },
  {
    "id": "e152ee74-aa00-4ba3-9de4-464cfc9b9f3c",
    "data": [
      {
        "text": "Can you outline the steps for admission counseling at UIET ",
        "userDefined": false
      },
      {
        "text": "KUK",
        "meta": "@sys.geo-city",
        "alias": "geo-city",
        "userDefined": false
      },
      {
        "text": "?",
        "userDefined": false
      }
    ],
    "isTemplate": false,
    "count": 0,
    "lang": "en-in",
    "updated": 0
  },
  {
    "id": "8d771e3e-0dd3-4cb8-bbbd-933752d08b52",
    "data": [
      {
        "text": "what is the  counseling procedure to take admission in uiet kuk",
        "userDefined": false
      }
    ],
    "isTemplate": false,
    "count": 0,
    "lang": "en-in",
    "updated": 0
  }
]