[
  {
    "id": "ece4ae47-ee00-4bd1-8135-44bfc7963295",
    "data": [
      {
        "text": "Do they provide opportunities for admission through direct entry or management quota?",
        "userDefined": false
      }
    ],
    "isTemplate": false,
    "count": 0,
    "lang": "en",
    "updated": 0
  },
  {
    "id": "f296f0b0-14ae-4e79-882d-14c0447ed5d8",
    "data": [
      {
        "text": "Are there any pathways for securing admission directly or via management quota?",
        "userDefined": false
      }
    ],
    "isTemplate": false,
    "count": 0,
    "lang": "en",
    "updated": 0
  },
  {
    "id": "aa3de4c3-e42b-4d60-85c6-8b8ae8be59c2",
    "data": [
      {
        "text": "Can one gain admission directly or through the management quota system?",
        "userDefined": false
      }
    ],
    "isTemplate": false,
    "count": 0,
    "lang": "en",
    "updated": 0
  },
  {
    "id": "2ff903ad-7b0e-4056-9dc1-45323159fe41",
    "data": [
      {
        "text": "Are there any facilities for securing admission through direct entry or management quota?",
        "userDefined": false
      }
    ],
    "isTemplate": false,
    "count": 0,
    "lang": "en",
    "updated": 0
  },
  {
    "id": "eb9fe703-977d-4843-a0f0-25e89f8bcad5",
    "data": [
      {
        "text": "Do they offer direct admission or management quota seats?",
        "userDefined": false
      }
    ],
    "isTemplate": false,
    "count": 0,
    "lang": "en",
    "updated": 0
  },
  {
    "id": "792fcfe5-7a00-456d-9b4e-cc003c061936",
    "data": [
      {
        "text": "Is direct admission or management quota a possibility for enrollment?",
        "userDefined": false
      }
    ],
    "isTemplate": false,
    "count": 0,
    "lang": "en",
    "updated": 0
  },
  {
    "id": "ea7a4971-5c27-4000-8354-0eec25525fed",
    "data": [
      {
        "text": "Are there any arrangements for direct admission or management quota in place?",
        "userDefined": false
      }
    ],
    "isTemplate": false,
    "count": 0,
    "lang": "en",
    "updated": 0
  },
  {
    "id": "005f91bb-4536-45dc-8ec5-fe90fa56da15",
    "data": [
      {
        "text": "Is there a way to secure admission directly or through management quota?",
        "userDefined": false
      }
    ],
    "isTemplate": false,
    "count": 0,
    "lang": "en",
    "updated": 0
  },
  {
    "id": "7a223a61-2d03-44f9-b1ec-39e19cee80f7",
    "data": [
      {
        "text": "Can I get into the program through direct admission or management quota?",
        "userDefined": false
      }
    ],
    "isTemplate": false,
    "count": 1,
    "lang": "en",
    "updated": 0
  },
  {
    "id": "9a2ee5c1-ffb8-4e60-be22-0bf911948476",
    "data": [
      {
        "text": "Are there any options for direct admission or management quota available?",
        "userDefined": false
      }
    ],
    "isTemplate": false,
    "count": 0,
    "lang": "en",
    "updated": 0
  },
  {
    "id": "6554fa86-cde8-4b79-9433-6b6916816d33",
    "data": [
      {
        "text": "Is there any provision for direct admission or management quota?",
        "userDefined": false
      }
    ],
    "isTemplate": false,
    "count": 0,
    "lang": "en",
    "updated": 0
  }
]