[
  {
    "id": "193513d4-f92c-4d10-8fd8-b1ab72538d3a",
    "data": [
      {
        "text": "What percentage is required as a minimum for admission purposes?",
        "userDefined": false
      }
    ],
    "isTemplate": false,
    "count": 0,
    "lang": "en-in",
    "updated": 0
  },
  {
    "id": "c10a9a48-fc37-4416-a2ae-a275c11cce7c",
    "data": [
      {
        "text": "Could you specify the minimum percentage for eligibility to apply?",
        "userDefined": false
      }
    ],
    "isTemplate": false,
    "count": 0,
    "lang": "en-in",
    "updated": 0
  },
  {
    "id": "ea6e748a-98c3-4619-8a5c-93f617d8cce9",
    "data": [
      {
        "text": "What\u0027s the cutoff percentage for admission?",
        "userDefined": false
      }
    ],
    "isTemplate": false,
    "count": 0,
    "lang": "en-in",
    "updated": 0
  },
  {
    "id": "16d73e80-04fb-40e3-a0bb-2ac6f300d589",
    "data": [
      {
        "text": "At what minimum percentage can I be considered for admission?",
        "userDefined": false
      }
    ],
    "isTemplate": false,
    "count": 1,
    "lang": "en-in",
    "updated": 0
  },
  {
    "id": "0c25f31c-3957-4d10-99e2-64f4b3fa800c",
    "data": [
      {
        "text": "What is the admission threshold in terms of percentage?",
        "userDefined": false
      }
    ],
    "isTemplate": false,
    "count": 1,
    "lang": "en-in",
    "updated": 0
  },
  {
    "id": "7c9a7fba-5cb6-488c-8974-79be3420b1b8",
    "data": [
      {
        "text": "Could you inform me about the lowest percentage I need to get admitted?",
        "userDefined": false
      }
    ],
    "isTemplate": false,
    "count": 1,
    "lang": "en-in",
    "updated": 0
  },
  {
    "id": "808a160c-1417-40c3-bd67-0627a8c33bb1",
    "data": [
      {
        "text": "What\u0027s the minimum required percentage for entry?",
        "userDefined": false
      }
    ],
    "isTemplate": false,
    "count": 0,
    "lang": "en-in",
    "updated": 0
  },
  {
    "id": "f79ef176-dfac-475b-a42c-0e35f4055dab",
    "data": [
      {
        "text": "Can you tell me the lowest acceptable admission percentage?",
        "userDefined": false
      }
    ],
    "isTemplate": false,
    "count": 0,
    "lang": "en-in",
    "updated": 0
  },
  {
    "id": "66498b97-59db-46f3-88ac-be13a15218d4",
    "data": [
      {
        "text": "What is the minimum percentage needed for admission?",
        "userDefined": false
      }
    ],
    "isTemplate": false,
    "count": 0,
    "lang": "en-in",
    "updated": 0
  },
  {
    "id": "bc22c8df-4e7a-4641-bc3f-773933370609",
    "data": [
      {
        "text": "What is the minimum GPA for admission?",
        "userDefined": false
      }
    ],
    "isTemplate": false,
    "count": 0,
    "lang": "en-in",
    "updated": 0
  }
]