[
  {
    "id": "ee121ae9-7380-412b-a1ef-5a3c53f3e268",
    "data": [
      {
        "text": "can i choose multiple seats in uiet ",
        "userDefined": false
      },
      {
        "text": "kuk",
        "meta": "@sys.geo-city",
        "alias": "geo-city",
        "userDefined": false
      }
    ],
    "isTemplate": false,
    "count": 0,
    "lang": "en-in",
    "updated": 0
  },
  {
    "id": "36c99741-dfce-461f-8473-a6fd76e78d07",
    "data": [
      {
        "text": "can i take multiple seats in one application",
        "userDefined": false
      }
    ],
    "isTemplate": false,
    "count": 0,
    "lang": "en-in",
    "updated": 0
  },
  {
    "id": "adfc3508-e172-4321-94e3-4874616662bd",
    "data": [
      {
        "text": "Are applicants permitted to express interest in multiple ",
        "userDefined": false
      },
      {
        "text": "B.Tech",
        "meta": "@course",
        "alias": "course",
        "userDefined": false
      },
      {
        "text": " specializations in a single application?",
        "userDefined": false
      }
    ],
    "isTemplate": false,
    "count": 0,
    "lang": "en-in",
    "updated": 0
  },
  {
    "id": "301afcd4-77ad-4e41-9c85-e01162b9337b",
    "data": [
      {
        "text": "Is it acceptable to apply for multiple ",
        "userDefined": false
      },
      {
        "text": "B.Tech",
        "meta": "@course",
        "alias": "course",
        "userDefined": false
      },
      {
        "text": " specializations using just ",
        "userDefined": false
      },
      {
        "text": "one",
        "meta": "@sys.number",
        "alias": "number",
        "userDefined": false
      },
      {
        "text": " application form?",
        "userDefined": false
      }
    ],
    "isTemplate": false,
    "count": 0,
    "lang": "en-in",
    "updated": 0
  },
  {
    "id": "53df9518-f7ba-41f2-9c88-80becbe98a2e",
    "data": [
      {
        "text": "Can I choose several ",
        "userDefined": false
      },
      {
        "text": "B.Tech",
        "meta": "@course",
        "alias": "course",
        "userDefined": false
      },
      {
        "text": " specializations within the same application submission?",
        "userDefined": false
      }
    ],
    "isTemplate": false,
    "count": 0,
    "lang": "en-in",
    "updated": 0
  },
  {
    "id": "04b5ff17-d1f1-4a75-b78c-7563b2806061",
    "data": [
      {
        "text": "Does the application process allow for applying to multiple ",
        "userDefined": false
      },
      {
        "text": "B.Tech",
        "meta": "@course",
        "alias": "course",
        "userDefined": false
      },
      {
        "text": " specializations concurrently?",
        "userDefined": false
      }
    ],
    "isTemplate": false,
    "count": 0,
    "lang": "en-in",
    "updated": 0
  },
  {
    "id": "6a36d8e0-5f5a-4ee3-8fa6-3c7e345c5a22",
    "data": [
      {
        "text": "Can I list more than ",
        "userDefined": false
      },
      {
        "text": "one",
        "meta": "@sys.number",
        "alias": "number",
        "userDefined": false
      },
      {
        "text": " ",
        "userDefined": false
      },
      {
        "text": "B.Tech",
        "meta": "@course",
        "alias": "course",
        "userDefined": false
      },
      {
        "text": " specialization preference on my application?",
        "userDefined": false
      }
    ],
    "isTemplate": false,
    "count": 0,
    "lang": "en-in",
    "updated": 0
  },
  {
    "id": "f6ea7168-8e70-46a2-ac8f-a2bba56939e9",
    "data": [
      {
        "text": "Is there a way to select multiple ",
        "userDefined": false
      },
      {
        "text": "B.Tech",
        "meta": "@course",
        "alias": "course",
        "userDefined": false
      },
      {
        "text": " specializations on the same application?",
        "userDefined": false
      }
    ],
    "isTemplate": false,
    "count": 0,
    "lang": "en-in",
    "updated": 0
  },
  {
    "id": "339dfcb1-4d1c-4fba-a50a-72f514fecc7f",
    "data": [
      {
        "text": "Does one application allow me to apply for multiple ",
        "userDefined": false
      },
      {
        "text": "B.Tech",
        "meta": "@course",
        "alias": "course",
        "userDefined": false
      },
      {
        "text": " specializations?",
        "userDefined": false
      }
    ],
    "isTemplate": false,
    "count": 0,
    "lang": "en-in",
    "updated": 0
  },
  {
    "id": "dd0c88d6-9ccf-4bec-a1c5-f0a906b67e09",
    "data": [
      {
        "text": "Can I indicate interest in multiple ",
        "userDefined": false
      },
      {
        "text": "B.Tech",
        "meta": "@course",
        "alias": "course",
        "userDefined": false
      },
      {
        "text": " specializations on a single application?",
        "userDefined": false
      }
    ],
    "isTemplate": false,
    "count": 0,
    "lang": "en-in",
    "updated": 0
  },
  {
    "id": "9ba23812-13ca-486f-9bc7-acc78d4b05e3",
    "data": [
      {
        "text": "Is it possible to apply for more than ",
        "userDefined": false
      },
      {
        "text": "one",
        "meta": "@sys.number",
        "alias": "number",
        "userDefined": false
      },
      {
        "text": " ",
        "userDefined": false
      },
      {
        "text": "B.Tech",
        "meta": "@course",
        "alias": "course",
        "userDefined": false
      },
      {
        "text": " specialization using a single application?",
        "userDefined": false
      }
    ],
    "isTemplate": false,
    "count": 0,
    "lang": "en-in",
    "updated": 0
  },
  {
    "id": "5ed5e38e-71e4-48d4-a925-9d9ad4f40846",
    "data": [
      {
        "text": "Can I submit one application for multiple ",
        "userDefined": false
      },
      {
        "text": "B.Tech",
        "meta": "@course",
        "alias": "course",
        "userDefined": false
      },
      {
        "text": " specializations?",
        "userDefined": false
      }
    ],
    "isTemplate": false,
    "count": 0,
    "lang": "en-in",
    "updated": 0
  },
  {
    "id": "f51728dc-fc4c-4eaf-8387-62f66c4fe68a",
    "data": [
      {
        "text": "Can I apply for multiple ",
        "userDefined": false
      },
      {
        "text": "B.Tech",
        "meta": "@course",
        "alias": "course",
        "userDefined": false
      },
      {
        "text": " specializations with one application?",
        "userDefined": false
      }
    ],
    "isTemplate": false,
    "count": 0,
    "lang": "en-in",
    "updated": 0
  }
]