[
  {
    "id": "c2de9389-cd84-4181-8747-c785f647b649",
    "data": [
      {
        "text": "What is the average placement percentage for graduates from this institution?",
        "userDefined": false
      }
    ],
    "isTemplate": false,
    "count": 0,
    "lang": "en-in",
    "updated": 0
  },
  {
    "id": "e69e0474-23ba-4f1e-9ac7-f93dfe017484",
    "data": [
      {
        "text": "Could you give me an idea of how many students usually get placed?",
        "userDefined": false
      }
    ],
    "isTemplate": false,
    "count": 0,
    "lang": "en-in",
    "updated": 0
  },
  {
    "id": "b1fe8484-aa0e-4ede-b5fe-0588a47f2fa5",
    "data": [
      {
        "text": "What is the usual success rate of students in finding employment?",
        "userDefined": false
      }
    ],
    "isTemplate": false,
    "count": 0,
    "lang": "en-in",
    "updated": 0
  },
  {
    "id": "59bfc65e-c96f-4092-a23a-2101af031cb3",
    "data": [
      {
        "text": "Can you provide the average percentage of students who secure placements?",
        "userDefined": false
      }
    ],
    "isTemplate": false,
    "count": 0,
    "lang": "en-in",
    "updated": 0
  },
  {
    "id": "f0b32615-874f-4b88-b525-f035cd0af838",
    "data": [
      {
        "text": "What is the typical placement rate for students at this college?",
        "userDefined": false
      }
    ],
    "isTemplate": false,
    "count": 0,
    "lang": "en-in",
    "updated": 0
  },
  {
    "id": "21c81fbc-9381-4a1e-874a-686c1dad61a5",
    "data": [
      {
        "text": "Could you provide information on job placements for graduates?",
        "userDefined": false
      }
    ],
    "isTemplate": false,
    "count": 0,
    "lang": "en-in",
    "updated": 0
  },
  {
    "id": "04026320-a842-4d8a-ad2d-b52371b6c935",
    "data": [
      {
        "text": "What are the statistics regarding post-graduation employment for students here?",
        "userDefined": false
      }
    ],
    "isTemplate": false,
    "count": 0,
    "lang": "en-in",
    "updated": 0
  },
  {
    "id": "777ce36a-949a-4bdc-b594-f99b7160f11a",
    "data": [
      {
        "text": "What is the employment rate for graduates of this college?",
        "userDefined": false
      }
    ],
    "isTemplate": false,
    "count": 0,
    "lang": "en-in",
    "updated": 0
  },
  {
    "id": "b02d551c-3cd9-48a9-9683-95ceef250b99",
    "data": [
      {
        "text": "Can you tell me about the college\u0027s placement record?",
        "userDefined": false
      }
    ],
    "isTemplate": false,
    "count": 0,
    "lang": "en-in",
    "updated": 0
  },
  {
    "id": "6158bed4-315a-442e-b71d-f7f2004b2e92",
    "data": [
      {
        "text": "What percentage of students usually get placed?",
        "userDefined": false
      }
    ],
    "isTemplate": false,
    "count": 0,
    "lang": "en-in",
    "updated": 0
  },
  {
    "id": "42a92a26-68cc-4477-bb51-5b872c2dc098",
    "data": [
      {
        "text": "Can I get information about ",
        "userDefined": false
      },
      {
        "text": "the previous year\u0027s",
        "meta": "@sys.date-period",
        "alias": "date-period",
        "userDefined": false
      },
      {
        "text": " placement statistics?",
        "userDefined": false
      }
    ],
    "isTemplate": false,
    "count": 0,
    "lang": "en-in",
    "updated": 0
  },
  {
    "id": "74e25e14-8b19-4148-8824-30e5c6b8330c",
    "data": [
      {
        "text": "What is the placement record of the college?",
        "userDefined": false
      }
    ],
    "isTemplate": false,
    "count": 0,
    "lang": "en-in",
    "updated": 0
  }
]