[
  {
    "id": "90379c5c-7cbb-4875-933f-fd036b9e32e7",
    "data": [
      {
        "text": "and what is the ",
        "userDefined": false
      },
      {
        "text": "highest",
        "meta": "@Statistics",
        "alias": "statistics",
        "userDefined": false
      },
      {
        "text": "?",
        "userDefined": false
      }
    ],
    "isTemplate": false,
    "count": 0,
    "lang": "en",
    "updated": 0
  },
  {
    "id": "6229567a-6d3c-42e6-88f8-cb2eed03fe06",
    "data": [
      {
        "text": "and what is the ",
        "userDefined": false
      },
      {
        "text": "average",
        "meta": "@Statistics",
        "alias": "statistics",
        "userDefined": false
      },
      {
        "text": "?",
        "userDefined": false
      }
    ],
    "isTemplate": false,
    "count": 0,
    "lang": "en",
    "updated": 0
  },
  {
    "id": "fb189527-7c43-4923-823b-6cec9dffc515",
    "data": [
      {
        "text": "and what is the minimum?",
        "userDefined": false
      }
    ],
    "isTemplate": false,
    "count": 0,
    "lang": "en",
    "updated": 0
  },
  {
    "id": "23558cda-7c7e-4ed8-8dee-82e9a7f3792a",
    "data": [
      {
        "text": "and can you tell me the ",
        "userDefined": false
      },
      {
        "text": "highest",
        "meta": "@Statistics",
        "alias": "statistics",
        "userDefined": false
      },
      {
        "text": "?",
        "userDefined": false
      }
    ],
    "isTemplate": false,
    "count": 0,
    "lang": "en",
    "updated": 0
  }
]