[
  {
    "id": "8afbc7bf-60df-4e85-880e-5db15c1a9a73",
    "data": [
      {
        "text": "and what about ",
        "userDefined": false
      },
      {
        "text": "electronics",
        "meta": "@Departments",
        "alias": "departments",
        "userDefined": false
      },
      {
        "text": "?",
        "userDefined": false
      }
    ],
    "isTemplate": false,
    "count": 0,
    "lang": "en",
    "updated": 0
  },
  {
    "id": "3bf74145-eb53-4bfa-af4c-6d07e8938789",
    "data": [
      {
        "text": "and what about ",
        "userDefined": false
      },
      {
        "text": "mechanical",
        "meta": "@Departments",
        "alias": "departments",
        "userDefined": false
      },
      {
        "text": "?",
        "userDefined": false
      }
    ],
    "isTemplate": false,
    "count": 0,
    "lang": "en",
    "updated": 0
  },
  {
    "id": "620215dd-3850-4996-b56a-ae802b6b993f",
    "data": [
      {
        "text": "and what about ",
        "userDefined": false
      },
      {
        "text": "ME",
        "meta": "@Departments",
        "alias": "departments",
        "userDefined": true
      },
      {
        "text": "?",
        "userDefined": false
      }
    ],
    "isTemplate": false,
    "count": 0,
    "lang": "en",
    "updated": 0
  },
  {
    "id": "93ba7db2-e9a4-4437-bc91-083ff39fd678",
    "data": [
      {
        "text": "and what about ",
        "userDefined": false
      },
      {
        "text": "ECE",
        "meta": "@Departments",
        "alias": "departments",
        "userDefined": false
      },
      {
        "text": "?",
        "userDefined": false
      }
    ],
    "isTemplate": false,
    "count": 0,
    "lang": "en",
    "updated": 0
  }
]