[
  {
    "id": "e9f70658-040b-4e36-afa2-0e9cab9f03e8",
    "data": [
      {
        "text": "What\u0027s the weight of JEE Main in ",
        "userDefined": false
      },
      {
        "text": "B.Tech",
        "meta": "@course",
        "alias": "course",
        "userDefined": false
      },
      {
        "text": " admission?",
        "userDefined": false
      }
    ],
    "isTemplate": false,
    "count": 0,
    "lang": "en",
    "updated": 0
  },
  {
    "id": "47454a0e-ed55-4ba4-b2f2-00d692fab1c1",
    "data": [
      {
        "text": "Does JEE Main score matter for ",
        "userDefined": false
      },
      {
        "text": "B.Tech",
        "meta": "@course",
        "alias": "course",
        "userDefined": false
      },
      {
        "text": " admission?",
        "userDefined": false
      }
    ],
    "isTemplate": false,
    "count": 0,
    "lang": "en",
    "updated": 0
  },
  {
    "id": "39bf08df-bc83-4d30-a656-9fcf99c6068c",
    "data": [
      {
        "text": "How important is JEE Main for ",
        "userDefined": false
      },
      {
        "text": "B.Tech",
        "meta": "@course",
        "alias": "course",
        "userDefined": false
      },
      {
        "text": " admission?",
        "userDefined": false
      }
    ],
    "isTemplate": false,
    "count": 0,
    "lang": "en",
    "updated": 0
  },
  {
    "id": "740097a0-74bf-402b-a7c0-bc3951c476a6",
    "data": [
      {
        "text": "JEE Main score importance for ",
        "userDefined": false
      },
      {
        "text": "B.Tech",
        "meta": "@course",
        "alias": "course",
        "userDefined": false
      },
      {
        "text": " admission?",
        "userDefined": false
      }
    ],
    "isTemplate": false,
    "count": 0,
    "lang": "en",
    "updated": 0
  },
  {
    "id": "8bfb4aef-9257-4a5c-a05f-760854d196e2",
    "data": [
      {
        "text": "How much does JEE Main count for ",
        "userDefined": false
      },
      {
        "text": "B.Tech",
        "meta": "@course",
        "alias": "course",
        "userDefined": false
      },
      {
        "text": " admission?",
        "userDefined": false
      }
    ],
    "isTemplate": false,
    "count": 0,
    "lang": "en",
    "updated": 0
  },
  {
    "id": "a7ee5bf9-f3d6-4f4f-a4a0-a546abb320bb",
    "data": [
      {
        "text": "What is the weightage given to the JEE Main score during the ",
        "userDefined": false
      },
      {
        "text": "B.Tech",
        "meta": "@course",
        "alias": "course",
        "userDefined": false
      },
      {
        "text": " admission process?",
        "userDefined": false
      }
    ],
    "isTemplate": false,
    "count": 0,
    "lang": "en",
    "updated": 0
  }
]